"fixed acidity,volatile acidity,citric acid,residual sugar,chlorides,free sulfur dioxide,total sulfur dioxide,density,pH,sulphates,alcohol,quality"
"7.5,0.19,0.49,1.6,0.047,42.0,140.0,0.9932,3.4,0.47,10.7,6"
"6.6,0.16,0.34,1.1,0.037,41.0,115.0,0.9899,3.01,0.68,12.0,6"
"6.7,0.21,0.42,9.1,0.049,31.0,150.0,0.9953,3.12,0.74,9.9,7"
"7.0,0.16,0.36,2.6,0.029,28.0,98.0,0.99126,3.11,0.37,11.2,7"
"6.4,0.24,0.27,1.5,0.04,35.0,105.0,0.98914,3.13,0.3,12.4,6"
"7.2,0.26,0.32,10.4,0.062,23.0,114.0,0.9966,3.23,0.49,10.5,5"
"8.0,0.28,0.42,7.1,0.045,41.0,169.0,0.9959,3.17,0.43,10.6,5"
"8.4,0.2,0.38,11.8,0.055,51.0,170.0,1.0004,3.34,0.82,8.9,6"
"5.7,0.135,0.3,4.6,0.042,19.0,101.0,0.9946,3.31,0.42,9.3,6"
"6.5,0.3,0.27,4.0,0.038,37.0,97.0,0.99026,3.2,0.6,12.6,8"
"7.1,0.28,0.31,1.5,0.053,20.0,98.0,0.99069,3.15,0.5,11.4,5"
"6.8,0.28,0.29,11.9,0.052,51.0,149.0,0.99544,3.02,0.58,10.4,6"
"8.1,0.12,0.49,1.2,0.042,43.0,160.0,0.9934,3.13,0.48,9.7,6"
"6.4,0.29,0.2,15.6,0.04,20.0,142.0,0.9962,3.1,0.54,10.6,5"
"6.4,0.29,0.44,3.6,0.197,75.0,183.0,0.9942,3.01,0.38,9.1,5"
"6.9,0.39,0.4,4.6,0.022,5.0,19.0,0.9915,3.31,0.37,12.6,3"
"5.9,0.18,0.29,4.6,0.032,68.0,137.0,0.99159,3.21,0.38,11.3,6"
"6.6,0.41,0.27,10.7,0.11,20.0,103.0,0.99672,3.08,0.41,9.0,6"
"6.4,0.24,0.26,8.2,0.054,47.0,182.0,0.99538,3.12,0.5,9.5,5"
"9.4,0.23,0.56,16.45,0.063,52.5,282.0,1.00098,3.1,0.51,9.3,5"
"6.3,0.25,0.44,11.6,0.041,48.0,195.0,0.9968,3.18,0.52,9.5,5"
"6.7,0.61,0.21,1.65,0.117,40.0,240.0,0.9938,3.11,0.57,9.3,5"
"7.1,0.22,0.33,2.8,0.033,48.0,153.0,0.9899,3.15,0.38,12.7,7"
"6.7,0.29,0.45,14.3,0.054,30.0,181.0,0.99869,3.14,0.57,9.1,5"
"7.1,0.29,0.3,16.0,0.036,58.0,201.0,0.99954,3.3,0.67,9.0,5"
"7.4,0.155,0.34,2.3,0.045,73.5,214.0,0.9934,3.18,0.61,9.9,7"
"7.4,0.35,0.31,17.95,0.062,42.0,187.0,1.0002,3.27,0.64,9.1,5"
"5.9,0.2,0.28,12.8,0.038,29.0,132.0,0.99426,3.31,0.57,11.8,7"
"6.4,0.18,0.31,1.6,0.049,36.0,127.0,0.9934,3.6,0.67,10.4,7"
"7.8,0.3,0.74,1.8,0.033,33.0,156.0,0.991,3.29,0.52,12.8,6"
"6.6,0.22,0.28,4.9,0.042,51.0,180.0,0.9952,3.3,0.75,9.5,6"
"5.8,0.15,0.28,0.8,0.037,43.0,127.0,0.99198,3.24,0.51,9.3,5"
"6.7,0.23,0.26,1.4,0.06,33.0,154.0,0.9934,3.24,0.56,9.5,6"
"6.5,0.24,0.28,1.1,0.034,26.0,83.0,0.98928,3.25,0.33,12.3,6"
"7.3,0.23,0.41,14.6,0.048,73.0,223.0,0.99863,3.16,0.71,9.4,6"
"7.4,0.3,0.49,8.2,0.055,49.0,188.0,0.9974,3.52,0.58,9.7,6"
"6.8,0.2,0.38,4.7,0.04,27.0,103.0,0.994,3.37,0.58,10.7,6"
"5.2,0.2,0.27,3.2,0.047,16.0,93.0,0.99235,3.44,0.53,10.1,7"
"7.9,0.42,0.49,8.2,0.056,32.0,164.0,0.9965,3.29,0.6,11.2,7"
"6.9,0.4,0.56,11.2,0.043,40.0,142.0,0.9975,3.14,0.46,8.7,5"
"5.6,0.32,0.33,7.4,0.037,25.0,95.0,0.99268,3.25,0.49,11.1,6"
"6.3,0.3,0.28,5.0,0.042,36.0,168.0,0.99505,3.22,0.69,9.5,6"
"7.0,0.22,0.26,9.2,0.027,37.0,122.0,0.99228,3.06,0.34,12.5,8"
"7.6,0.2,0.34,1.8,0.041,42.0,148.0,0.99335,3.35,0.66,11.1,6"
"7.6,0.19,0.41,1.1,0.04,38.0,143.0,0.9907,2.92,0.42,11.4,5"
"6.8,0.26,0.26,2.0,0.019,23.5,72.0,0.99041,3.16,0.47,11.8,6"
"8.2,0.26,0.44,1.3,0.046,7.0,69.0,0.9944,3.14,0.62,10.2,4"
"6.0,0.36,0.16,6.3,0.036,36.0,191.0,0.9942,3.17,0.62,9.8,5"
"7.4,0.24,0.4,4.3,0.032,9.0,95.0,0.992,3.09,0.39,11.1,6"
"7.0,0.12,0.19,4.9,0.055,27.0,127.0,0.9953,3.29,0.41,9.4,5"
"7.0,0.15,0.28,14.7,0.051,29.0,149.0,0.99792,2.96,0.39,9.0,7"
"5.7,0.22,0.28,1.3,0.027,26.0,101.0,0.98948,3.35,0.38,12.5,7"
"6.8,0.27,0.42,7.3,0.054,58.0,200.0,0.99556,3.12,0.49,9.4,6"
"7.5,0.29,0.31,8.95,0.055,20.0,151.0,0.9968,3.08,0.54,9.3,5"
"7.3,0.43,0.37,4.6,0.028,17.0,114.0,0.991,3.23,0.43,13.2,6"
"9.2,0.25,0.34,1.2,0.026,31.0,93.0,0.9916,2.93,0.37,11.3,7"
"6.8,0.37,0.51,11.8,0.044,62.0,163.0,0.9976,3.19,0.44,8.8,5"
"7.0,0.21,0.34,8.0,0.057,19.0,101.0,0.9954,2.99,0.59,9.4,5"
"7.8,0.25,0.37,1.0,0.043,10.0,80.0,0.99128,3.08,0.38,11.4,5"
"6.3,0.2,0.58,1.4,0.204,15.0,97.0,0.9931,3.16,0.43,10.0,6"
"6.8,0.31,0.32,7.6,0.052,35.0,143.0,0.9959,3.14,0.38,9.0,5"
"7.4,0.19,0.3,12.8,0.053,48.5,229.0,0.9986,3.14,0.49,9.1,7"
"7.8,0.26,0.44,1.3,0.037,43.0,132.0,0.9944,3.18,0.65,10.0,5"
"8.3,0.49,0.23,6.65,0.034,6.0,158.0,0.99344,3.05,0.48,11.2,5"
"7.6,0.31,0.23,12.7,0.054,20.0,139.0,0.99836,3.16,0.5,9.7,4"
"6.6,0.32,0.47,15.6,0.063,27.0,173.0,0.99872,3.18,0.56,9.0,5"
"5.7,0.32,0.38,4.75,0.033,23.0,94.0,0.991,3.42,0.42,11.8,7"
"6.2,0.22,0.28,2.2,0.04,24.0,125.0,0.9917,3.19,0.48,10.5,6"
"6.9,0.46,0.2,0.9,0.054,5.0,126.0,0.992,3.1,0.42,10.4,6"
"7.2,0.17,0.41,1.6,0.052,24.0,126.0,0.99228,3.19,0.49,10.8,5"
"7.5,0.41,0.23,14.8,0.054,28.0,174.0,0.99898,3.18,0.49,9.7,5"
"6.1,0.28,0.25,17.75,0.044,48.0,161.0,0.9993,3.34,0.48,9.5,5"
"7.6,0.21,0.6,2.1,0.046,47.0,165.0,0.9936,3.05,0.54,10.1,7"
"6.3,0.23,0.3,1.8,0.033,16.0,91.0,0.9906,3.28,0.4,11.8,6"
"6.9,0.24,0.4,15.4,0.052,81.0,198.0,0.9986,3.2,0.69,9.4,5"
"7.0,0.19,0.33,6.3,0.032,42.0,127.0,0.99182,3.31,0.38,12.2,6"
"7.7,0.44,0.24,11.2,0.031,41.0,167.0,0.9948,3.12,0.43,11.3,7"
"6.6,0.19,0.99,1.2,0.122,45.0,129.0,0.9936,3.09,0.31,8.7,6"
"7.3,0.28,0.36,12.7,0.04,38.0,140.0,0.998,3.3,0.79,9.6,6"
"7.0,0.32,0.35,1.5,0.039,24.0,125.0,0.9918,3.17,0.64,12.2,6"
"8.3,0.49,0.43,2.5,0.036,32.0,116.0,0.9944,3.23,0.47,10.7,6"
"7.7,0.3,0.42,14.3,0.045,45.0,213.0,0.9991,3.18,0.63,9.2,5"
"6.4,0.12,0.3,1.1,0.031,37.0,94.0,0.98986,3.01,0.56,11.7,6"
"7.6,0.39,0.32,3.6,0.035,22.0,93.0,0.99144,3.08,0.6,12.5,7"
"5.8,0.36,0.32,1.7,0.033,22.0,96.0,0.9898,3.03,0.38,11.2,6"
"6.4,0.18,0.28,17.05,0.047,53.0,139.0,0.99724,3.25,0.35,10.5,6"
"8.9,0.27,0.34,10.7,0.029,19.5,166.0,0.99669,3.13,0.48,10.6,5"
"7.5,0.16,0.38,12.7,0.043,70.5,163.0,0.99706,3.15,0.82,10.4,7"
"6.9,0.2,0.34,1.9,0.043,25.0,136.0,0.9935,3.31,0.6,10.1,4"
"8.6,0.27,0.46,6.1,0.032,13.0,41.0,0.993,2.89,0.34,10.9,5"
"8.1,0.5,0.47,1.1,0.037,23.0,126.0,0.9938,3.21,0.42,10.9,5"
"7.9,0.51,0.36,6.2,0.051,30.0,173.0,0.9984,3.09,0.53,9.7,5"
"6.5,0.28,0.26,8.8,0.04,44.0,139.0,0.9956,3.32,0.37,10.2,6"
"7.6,0.2,0.3,14.2,0.056,53.0,212.5,0.999,3.14,0.46,8.9,8"
"6.4,0.37,0.12,5.9,0.056,6.0,91.0,0.99536,3.06,0.46,8.4,4"
"6.4,0.18,0.48,18.0,0.054,56.0,183.0,1.00038,2.98,0.61,8.5,6"
"5.5,0.17,0.23,2.9,0.039,10.0,108.0,0.99243,3.28,0.5,10.0,5"
"5.3,0.58,0.07,6.9,0.043,34.0,149.0,0.9944,3.34,0.57,9.7,5"
"6.2,0.36,0.22,5.25,0.038,44.0,145.0,0.99184,3.22,0.4,11.2,6"
"6.9,0.38,0.29,13.65,0.048,52.0,189.0,0.99784,3.0,0.6,9.5,6"
"6.2,0.12,0.34,1.5,0.045,43.0,117.0,0.9939,3.42,0.51,9.0,6"
"6.6,0.78,0.5,1.5,0.045,30.0,133.0,0.99104,3.25,0.48,11.7,5"
"6.9,0.2,0.28,1.2,0.048,36.0,159.0,0.9936,3.19,0.43,9.1,6"
"7.0,0.28,0.36,1.0,0.035,8.0,70.0,0.9899,3.09,0.46,12.1,6"
"6.9,0.28,0.37,9.1,0.037,16.0,76.0,0.9948,3.05,0.54,11.1,5"
"6.5,0.22,0.25,17.1,0.05,44.0,138.0,1.0001,3.3,0.37,8.8,5"
"6.3,0.29,0.29,3.3,0.037,32.0,140.0,0.9895,3.17,0.36,12.8,7"
"6.6,0.32,0.24,1.3,0.06,42.5,204.0,0.99512,3.59,0.51,9.2,5"
"7.8,0.25,0.34,13.7,0.044,66.0,184.0,0.99976,3.22,0.75,8.9,5"
"7.2,0.115,0.3,6.8,0.056,26.0,105.0,0.9954,3.44,0.4,9.6,6"
"8.2,0.18,0.28,8.5,0.035,41.0,140.0,0.9952,3.04,0.37,10.1,7"
"6.9,0.39,0.22,4.3,0.03,10.0,102.0,0.993,3.0,0.87,11.6,4"
"7.2,0.26,0.74,13.6,0.05,56.0,162.0,0.998,3.03,0.44,8.8,5"
"6.7,0.24,0.33,12.3,0.046,31.0,145.0,0.9983,3.36,0.4,9.5,5"
"7.6,0.19,0.37,13.1,0.033,52.0,151.0,0.99726,3.18,0.79,10.4,6"
"5.2,0.365,0.08,13.5,0.041,37.0,142.0,0.997,3.46,0.39,9.9,6"
"6.8,0.27,0.3,13.0,0.047,69.0,160.0,0.99705,3.16,0.5,9.6,6"
"6.6,0.27,0.52,8.1,0.044,53.0,202.0,0.99548,3.18,0.48,9.5,5"
"6.6,0.3,0.25,8.0,0.036,21.0,124.0,0.99362,3.06,0.38,10.8,6"
"6.8,0.18,0.28,9.8,0.039,29.0,113.0,0.99406,3.11,0.45,10.9,7"
"6.7,0.24,0.32,9.0,0.023,20.0,109.0,0.99262,3.34,0.35,12.6,6"
"7.9,0.26,0.33,10.3,0.039,73.0,212.0,0.9969,2.93,0.49,9.5,6"
"7.6,0.17,0.36,4.5,0.042,26.0,102.0,0.99427,3.09,0.47,9.5,5"
"6.6,0.21,0.3,9.9,0.041,64.0,174.0,0.995,3.07,0.5,10.1,6"
"8.7,0.3,0.34,4.8,0.018,23.0,127.0,0.99474,3.12,0.49,11.2,7"
"6.5,0.43,0.28,11.25,0.032,31.0,87.0,0.9922,3.02,0.38,12.4,6"
"7.7,0.32,0.61,11.8,0.041,66.0,188.0,0.99794,3.0,0.54,9.3,5"
"7.0,0.21,0.34,8.5,0.033,31.0,253.0,0.9953,3.22,0.56,10.5,6"
"6.3,0.3,0.2,3.7,0.039,34.0,132.0,0.99158,3.0,0.38,10.7,5"
"7.5,0.21,0.34,1.2,0.06,26.0,111.0,0.9931,3.51,0.47,10.7,6"
"7.1,0.2,0.37,1.5,0.049,28.0,129.0,0.99226,3.15,0.52,10.8,5"
"6.8,0.37,0.47,11.2,0.071,44.0,136.0,0.9968,2.98,0.88,9.2,5"
"5.7,0.25,0.22,9.8,0.049,50.0,125.0,0.99571,3.2,0.45,10.1,6"
"8.0,0.29,0.29,13.2,0.046,26.0,113.0,0.9983,3.25,0.37,9.7,6"
"7.5,0.27,0.36,7.0,0.036,45.0,164.0,0.9939,3.03,0.33,11.0,5"
"6.8,0.3,0.29,6.2,0.025,29.0,95.0,0.99071,3.03,0.32,12.9,7"
"6.0,0.2,0.26,6.8,0.049,22.0,93.0,0.9928,3.15,0.42,11.0,6"
"8.3,0.21,0.41,2.2,0.05,24.0,108.0,0.994,2.85,0.45,9.5,5"
"6.4,0.33,0.28,1.1,0.038,30.0,110.0,0.9917,3.12,0.42,10.5,6"
"6.9,0.4,0.17,12.9,0.033,59.0,186.0,0.99754,3.08,0.49,9.4,5"
"6.9,0.3,0.21,15.7,0.056,49.0,159.0,0.99827,3.11,0.48,9.0,5"
"6.0,0.34,0.29,6.1,0.046,29.0,134.0,0.99462,3.48,0.57,10.7,6"
"6.6,0.35,0.35,6.0,0.063,31.0,150.0,0.99537,3.1,0.47,9.4,6"
"6.0,0.21,0.3,8.7,0.036,47.0,127.0,0.99368,3.18,0.39,10.6,5"
"6.0,0.2,0.32,3.0,0.031,26.0,118.0,0.99134,3.38,0.68,11.2,7"
"6.5,0.39,0.23,5.4,0.051,25.0,149.0,0.9934,3.24,0.35,10.0,5"
"6.5,0.28,0.35,9.8,0.067,61.0,180.0,0.9972,3.15,0.57,9.0,4"
"6.5,0.23,0.36,16.3,0.038,43.0,133.0,0.99924,3.26,0.41,8.8,5"
"6.7,0.24,0.36,8.4,0.042,42.0,123.0,0.99473,3.34,0.52,10.9,6"
"5.8,0.17,0.36,1.3,0.036,11.0,70.0,0.99202,3.43,0.68,10.4,7"
"6.4,0.31,0.39,7.5,0.04,57.0,213.0,0.99475,3.32,0.43,10.0,5"
"7.0,0.16,0.73,1.0,0.138,58.0,150.0,0.9936,3.08,0.3,9.2,5"
"6.9,0.25,0.24,3.6,0.057,13.0,85.0,0.9942,2.99,0.48,9.5,4"
"6.1,0.32,0.37,1.8,0.051,13.0,200.0,0.9945,3.49,0.44,10.5,4"
"6.4,0.14,0.31,1.2,0.034,53.0,138.0,0.99084,3.38,0.35,11.5,7"
"5.8,0.23,0.31,3.5,0.044,35.0,158.0,0.98998,3.19,0.37,12.1,7"
"6.2,0.21,0.27,1.7,0.038,41.0,150.0,0.9933,3.49,0.71,10.5,7"
"6.7,0.3,0.44,18.5,0.057,65.0,224.0,0.99956,3.11,0.53,9.1,5"
"6.5,0.23,0.36,16.3,0.038,43.0,133.0,0.99924,3.26,0.41,8.8,5"
"7.5,0.35,0.37,2.5,0.066,29.0,89.0,0.98964,3.14,0.42,12.7,6"
"7.4,0.2,0.37,16.95,0.048,43.0,190.0,0.9995,3.03,0.42,9.2,6"
"6.9,0.19,0.49,6.6,0.036,49.0,172.0,0.9932,3.2,0.27,11.5,6"
"7.6,0.33,0.41,13.7,0.045,44.0,197.0,0.9989,3.18,0.64,9.1,5"
"6.6,0.25,0.36,8.1,0.045,54.0,180.0,0.9958,3.08,0.42,9.2,5"
"5.1,0.25,0.36,1.3,0.035,40.0,78.0,0.9891,3.23,0.64,12.1,7"
"6.1,0.2,0.25,1.2,0.038,34.0,128.0,0.9921,3.24,0.44,10.1,5"
"8.5,0.23,0.34,1.3,0.035,54.0,110.0,0.99176,3.07,0.55,11.0,7"
"7.2,0.34,0.34,12.6,0.048,7.0,41.0,0.9942,3.19,0.4,11.7,5"
"6.8,0.27,0.3,13.0,0.047,69.0,160.0,0.99705,3.16,0.5,9.6,6"
"7.2,0.31,0.24,1.4,0.057,17.0,117.0,0.9928,3.16,0.35,10.5,5"
"6.4,0.22,0.49,7.5,0.054,42.0,151.0,0.9948,3.27,0.52,10.1,6"
"9.2,0.18,0.49,1.5,0.041,39.0,130.0,0.9945,3.04,0.49,9.8,7"
"8.4,0.35,0.71,12.2,0.046,22.0,160.0,0.9982,2.98,0.65,9.4,5"
"7.4,0.22,0.26,8.8,0.027,23.0,112.0,0.9931,2.98,0.41,11.4,6"
"7.2,0.27,0.46,18.75,0.052,45.0,255.0,1.0,3.04,0.52,8.9,5"
"6.7,0.54,0.27,7.1,0.049,8.0,178.0,0.99502,3.16,0.38,9.4,4"
"6.8,0.22,0.31,1.4,0.053,34.0,114.0,0.9929,3.39,0.77,10.6,6"
"6.7,0.43,0.23,5.0,0.157,49.0,145.0,0.99471,3.17,0.49,9.4,5"
"8.6,0.36,0.26,11.1,0.03,43.5,171.0,0.9948,3.03,0.49,12.0,5"
"6.8,0.17,0.32,1.4,0.04,35.0,106.0,0.99026,3.16,0.66,12.0,5"
"8.1,0.26,0.33,11.1,0.052,52.5,158.0,0.9976,3.03,0.49,10.2,7"
"5.9,0.32,0.26,1.5,0.057,17.0,141.0,0.9917,3.24,0.36,10.7,5"
"6.8,0.28,0.6,1.1,0.132,42.0,127.0,0.9934,3.09,0.44,9.1,6"
"6.4,0.41,0.01,6.1,0.048,20.0,70.0,0.99362,3.19,0.42,10.0,5"
"7.7,0.24,0.27,1.8,0.051,52.0,190.0,0.9928,3.23,0.5,10.8,6"
"7.15,0.17,0.24,9.6,0.119,56.0,178.0,0.99578,3.15,0.44,10.2,6"
"6.5,0.35,0.28,12.4,0.051,86.0,213.0,0.9962,3.16,0.51,9.9,6"
"6.2,0.15,0.27,1.4,0.041,51.0,117.0,0.9909,3.28,0.38,11.2,6"
"6.9,0.3,0.25,3.3,0.041,26.0,124.0,0.99428,3.18,0.5,9.3,6"
"5.7,0.22,0.33,1.9,0.036,37.0,110.0,0.98945,3.26,0.58,12.4,6"
"7.4,0.16,0.27,15.5,0.05,25.0,135.0,0.9984,2.9,0.43,8.7,7"
"7.2,0.43,0.24,6.7,0.058,40.0,163.0,0.995,3.2,0.41,9.9,5"
"7.6,0.17,0.46,0.9,0.036,63.0,147.0,0.99126,3.02,0.41,10.7,6"
"8.1,0.19,0.4,0.9,0.037,73.0,180.0,0.9926,3.06,0.34,10.0,6"
"7.0,0.23,0.33,5.8,0.04,25.0,136.0,0.995,3.19,0.58,9.5,6"
"6.2,0.2,0.33,5.4,0.028,21.0,75.0,0.99012,3.36,0.41,13.5,7"
"6.3,0.19,0.28,1.8,0.022,28.0,158.0,0.9907,3.2,0.64,11.4,6"
"7.4,0.36,0.33,1.4,0.025,27.0,55.0,0.9915,3.21,0.33,11.2,6"
"6.6,0.32,0.36,8.0,0.047,57.0,168.0,0.9949,3.15,0.46,9.6,5"
"5.6,0.26,0.0,10.2,0.038,13.0,111.0,0.99315,3.44,0.46,12.4,6"
