U12swan,Unit 12 Swan Building,200.0,3
U13swan,Unit 13 Swan Building,190.7,2
SI1,Car Park,25.0
U20goose,Unit 20 Goose Building,165.0,1
U21goose,Unit 21 Goose Building,175.0,2
U22goose,Unit 22 Goose Building,185.0,3
SI2,Breakfast,25.3
SI3,Tooth brush,10.0
SI4,Tooth paste,5.0
SI5,Shampoo,20.5
U62duck,Unit 62 Duck Building,134.5,2
U63duck,Unit 63 Duck Building,148.0,3
SI6,Double extra bed (2 people),50.0
U12swan,Unit 12 Swan Building,200.0,3
U13swan,Unit 13 Swan Building,190.7,2
SI1,Car Park,25.0
U20goose,Unit 20 Goose Building,165.0,1
U21goose,Unit 21 Goose Building,175.0,2
U22goose,Unit 22 Goose Building,185.0,3
SI2,Breakfast,25.3
SI3,Tooth brush,10.0
SI4,Tooth paste,5.0
SI5,Shampoo,20.5
U62duck,Unit 62 Duck Building,134.5,2
U63duck,Unit 63 Duck Building,148.0,3
SI6,Double extra bed (2 people),50.0
U12swan,Unit 12 Swan Building,200.0,3
U13swan,Unit 13 Swan Building,190.7,2
SI1,Car Park,25.0
U20goose,Unit 20 Goose Building,165.0,1
U21goose,Unit 21 Goose Building,175.0,2
U22goose,Unit 22 Goose Building,185.0,3
SI2,Breakfast,25.3
SI3,Tooth brush,10.0
SI4,Tooth paste,5.0
SI5,Shampoo,20.5
U62duck,Unit 62 Duck Building,134.5,2
U63duck,Unit 63 Duck Building,148.0,3
SI6,Double extra bed (2 people),50.0
U12swan,Unit 12 Swan Building,200.0,3
U13swan,Unit 13 Swan Building,190.7,2
SI1,Car Park,25.0
U20goose,Unit 20 Goose Building,165.0,1
U21goose,Unit 21 Goose Building,175.0,2
U22goose,Unit 22 Goose Building,185.0,3
SI2,Breakfast,25.3
SI3,Tooth brush,10.0
SI4,Tooth paste,5.0
SI5,Shampoo,20.5
U62duck,Unit 62 Duck Building,134.5,2
U63duck,Unit 63 Duck Building,148.0,3
SI6,Double extra bed (2 people),50.0
SI7,Lunch,25.0
SI8,Dinner,30.0
U12swan,Unit 12 Swan Building,200.0,3
U13swan,Unit 13 Swan Building,190.7,2
SI1,Car Park,25.0
U20goose,Unit 20 Goose Building,165.0,1
U21goose,Unit 21 Goose Building,175.0,2
U22goose,Unit 22 Goose Building,185.0,3
SI2,Breakfast,25.3
SI3,Tooth brush,10.0
SI4,Tooth paste,5.0
SI5,Shampoo,20.5
U62duck,Unit 62 Duck Building,134.5,2
U63duck,Unit 63 Duck Building,148.0,3
SI6,Double extra bed (2 people),50.0
U12swan,Unit 12 Swan Building,200.0,3
U13swan,Unit 13 Swan Building,190.7,2
SI1,Car Park,25.0
U20goose,Unit 20 Goose Building,165.0,1
U21goose,Unit 21 Goose Building,175.0,2
U22goose,Unit 22 Goose Building,185.0,3
SI2,Breakfast,25.3
SI3,Tooth brush,10.0
SI4,Tooth paste,5.0
SI5,Shampoo,20.5
U62duck,Unit 62 Duck Building,134.5,2
U63duck,Unit 63 Duck Building,148.0,3
SI6,Double extra bed (2 people),50.0
U12swan,Unit 12 Swan Building,200.0,3
U13swan,Unit 13 Swan Building,190.7,2
SI1,Car Park,25.0
U20goose,Unit 20 Goose Building,165.0,1
U21goose,Unit 21 Goose Building,175.0,2
U22goose,Unit 22 Goose Building,185.0,3
SI2,Breakfast,25.3
SI3,Tooth brush,10.0
SI4,Tooth paste,5.0
SI5,Shampoo,20.5
U62duck,Unit 62 Duck Building,134.5,2
U63duck,Unit 63 Duck Building,148.0,3
SI6,Double extra bed (2 people),50.0
U12swan,Unit 12 Swan Building,200.0,3
U13swan,Unit 13 Swan Building,190.7,2
SI1,Car Park,25.0
U20goose,Unit 20 Goose Building,165.0,1
U21goose,Unit 21 Goose Building,175.0,2
U22goose,Unit 22 Goose Building,185.0,3
SI2,Breakfast,25.3
SI3,Tooth brush,10.0
SI4,Tooth paste,5.0
SI5,Shampoo,20.5
U62duck,Unit 62 Duck Building,134.5,2
U63duck,Unit 63 Duck Building,148.0,3
SI6,Double extra bed (2 people),50.0
SI7,Lunch,25.0
SI8,Dinner,30.0
U12swan,Unit 12 Swan Building,200.0,3
U13swan,Unit 13 Swan Building,190.7,2
SI1,Car Park,25.0
U20goose,Unit 20 Goose Building,165.0,1
U21goose,Unit 21 Goose Building,175.0,2
U22goose,Unit 22 Goose Building,185.0,3
SI2,Breakfast,25.3
SI3,Tooth brush,10.0
SI4,Tooth paste,5.0
SI5,Shampoo,20.5
U62duck,Unit 62 Duck Building,134.5,2
U63duck,Unit 63 Duck Building,148.0,3
SI6,Double extra bed (2 people),50.0
U12swan,Unit 12 Swan Building,200.0,3
U13swan,Unit 13 Swan Building,190.7,2
SI1,Car Park,25.0
U20goose,Unit 20 Goose Building,165.0,1
U21goose,Unit 21 Goose Building,175.0,2
U22goose,Unit 22 Goose Building,185.0,3
SI2,Breakfast,25.3
SI3,Tooth brush,10.0
SI4,Tooth paste,5.0
SI5,Shampoo,20.5
U62duck,Unit 62 Duck Building,134.5,2
U63duck,Unit 63 Duck Building,148.0,3
SI6,Double extra bed (2 people),50.0
U12swan,Unit 12 Swan Building,200.0,3
U13swan,Unit 13 Swan Building,190.7,2
SI1,Car Park,25.0
U20goose,Unit 20 Goose Building,165.0,1
U21goose,Unit 21 Goose Building,175.0,2
U22goose,Unit 22 Goose Building,185.0,3
SI2,Breakfast,25.3
SI3,Tooth brush,10.0
SI4,Tooth paste,5.0
SI5,Shampoo,20.5
U62duck,Unit 62 Duck Building,134.5,2
U63duck,Unit 63 Duck Building,148.0,3
SI6,Double extra bed (2 people),50.0
U12swan,Unit 12 Swan Building,200.0,3
U13swan,Unit 13 Swan Building,190.7,2
SI1,Car Park,25.0
U20goose,Unit 20 Goose Building,165.0,1
U21goose,Unit 21 Goose Building,175.0,2
U22goose,Unit 22 Goose Building,185.0,3
SI2,Breakfast,25.3
SI3,Tooth brush,10.0
SI4,Tooth paste,5.0
SI5,Shampoo,20.5
U62duck,Unit 62 Duck Building,134.5,2
U63duck,Unit 63 Duck Building,148.0,3
SI6,Double extra bed (2 people),50.0
SI7,Lunch,25.0
SI8,Dinner,30.0
U12swan,Unit 12 Swan Building,200.0,3
U13swan,Unit 13 Swan Building,190.7,2
SI1,Car Park,25.0
U20goose,Unit 20 Goose Building,165.0,1
U21goose,Unit 21 Goose Building,175.0,2
U22goose,Unit 22 Goose Building,185.0,3
SI2,Breakfast,25.3
SI3,Tooth brush,10.0
SI4,Tooth paste,5.0
SI5,Shampoo,20.5
U62duck,Unit 62 Duck Building,134.5,2
U63duck,Unit 63 Duck Building,148.0,3
SI6,Double extra bed (2 people),50.0
U12swan,Unit 12 Swan Building,200.0,3
U13swan,Unit 13 Swan Building,190.7,2
SI1,Car Park,25.0
U20goose,Unit 20 Goose Building,165.0,1
U21goose,Unit 21 Goose Building,175.0,2
U22goose,Unit 22 Goose Building,185.0,3
SI2,Breakfast,25.3
SI3,Tooth brush,10.0
SI4,Tooth paste,5.0
SI5,Shampoo,20.5
U62duck,Unit 62 Duck Building,134.5,2
U63duck,Unit 63 Duck Building,148.0,3
SI6,Double extra bed (2 people),50.0
U12swan,Unit 12 Swan Building,200.0,3
U13swan,Unit 13 Swan Building,190.7,2
SI1,Car Park,25.0
U20goose,Unit 20 Goose Building,165.0,1
U21goose,Unit 21 Goose Building,175.0,2
U22goose,Unit 22 Goose Building,185.0,3
SI2,Breakfast,25.3
SI3,Tooth brush,10.0
SI4,Tooth paste,5.0
SI5,Shampoo,20.5
U62duck,Unit 62 Duck Building,134.5,2
U63duck,Unit 63 Duck Building,148.0,3
SI6,Double extra bed (2 people),50.0
U12swan,Unit 12 Swan Building,200.0,3
U13swan,Unit 13 Swan Building,190.7,2
SI1,Car Park,25.0
U20goose,Unit 20 Goose Building,165.0,1
U21goose,Unit 21 Goose Building,175.0,2
U22goose,Unit 22 Goose Building,185.0,3
SI2,Breakfast,25.3
SI3,Tooth brush,10.0
SI4,Tooth paste,5.0
SI5,Shampoo,20.5
U62duck,Unit 62 Duck Building,134.5,2
U63duck,Unit 63 Duck Building,148.0,3
SI6,Double extra bed (2 people),50.0
SI7,Lunch,25.0
SI8,Dinner,30.0
